{"_wandb":{"runtime":0},"_timestamp":1.746743951339811e+09,"_runtime":0.735668767,"_step":0,"test_accuracy":9.434713375796179}