{"_timestamp":1.7467442976261818e+09,"_runtime":0.467524,"_wandb":{"runtime":0},"_step":0,"test_accuracy":9.434713375796179}