{"test_accuracy":0.9717356687898089,"_wandb":{"runtime":243},"_step":18761,"training_loss":0.049117133021354675,"_timestamp":1.746676493500448e+09,"_runtime":242.902732307}